country_id,country_name,country_code,flag
1,Afghanistan,AF,ğŸ‡¦ğŸ‡«
2,Albania,AL,ğŸ‡¦ğŸ‡±
3,Algeria,DZ,ğŸ‡©ğŸ‡¿
4,Andorra,AD,ğŸ‡¦ğŸ‡©
5,Angola,AO,ğŸ‡¦ğŸ‡´
6,Antigua and Barbuda,AG,ğŸ‡¦ğŸ‡¬
7,Argentina,AR,ğŸ‡¦ğŸ‡·
8,Armenia,AM,ğŸ‡¦ğŸ‡²
9,Australia,AU,ğŸ‡¦ğŸ‡º
10,Austria,AT,ğŸ‡¦ğŸ‡¹
11,Azerbaijan,AZ,ğŸ‡¦ğŸ‡¿
12,Bahamas,BS,ğŸ‡§ğŸ‡¸
13,Bahrain,BH,ğŸ‡§ğŸ‡­
14,Bangladesh,BD,ğŸ‡§ğŸ‡©
15,Barbados,BB,ğŸ‡§ğŸ‡§
16,Belarus,BY,ğŸ‡§ğŸ‡¾
17,Belgium,BE,ğŸ‡§ğŸ‡ª
18,Belize,BZ,ğŸ‡§ğŸ‡¿
19,Benin,BJ,ğŸ‡§ğŸ‡¯
20,Bhutan,BT,ğŸ‡§ğŸ‡¹
21,Bolivia,BO,ğŸ‡§ğŸ‡´
22,Bosnia and Herzegovina,BA,ğŸ‡§ğŸ‡¦
23,Botswana,BW,ğŸ‡§ğŸ‡¼
24,Brazil,BR,ğŸ‡§ğŸ‡·
25,Brunei,BN,ğŸ‡§ğŸ‡³
26,Bulgaria,BG,ğŸ‡§ğŸ‡¬
27,Burkina Faso,BF,ğŸ‡§ğŸ‡«
28,Burundi,BI,ğŸ‡§ğŸ‡®
29,Cabo Verde,CV,ğŸ‡¨ğŸ‡»
30,Cambodia,KH,ğŸ‡°ğŸ‡­
31,Cameroon,CM,ğŸ‡¨ğŸ‡²
32,Canada,CA,ğŸ‡¨ğŸ‡¦
33,Central African Republic,CF,ğŸ‡¨ğŸ‡«
34,Chad,TD,ğŸ‡¹ğŸ‡©
35,Chile,CL,ğŸ‡¨ğŸ‡±
36,China,CN,ğŸ‡¨ğŸ‡³
37,Colombia,CO,ğŸ‡¨ğŸ‡´
38,Comoros,KM,ğŸ‡°ğŸ‡²
39,Congo (Brazzaville),CG,ğŸ‡¨ğŸ‡¬
40,Congo (Kinshasa),CD,ğŸ‡¨ğŸ‡©
41,Costa Rica,CR,ğŸ‡¨ğŸ‡·
42,CÃ´te d'Ivoire,CI,ğŸ‡¨ğŸ‡®
43,Croatia,HR,ğŸ‡­ğŸ‡·
44,Cuba,CU,ğŸ‡¨ğŸ‡º
45,Cyprus,CY,ğŸ‡¨ğŸ‡¾
46,Czechia,CZ,ğŸ‡¨ğŸ‡¿
47,Denmark,DK,ğŸ‡©ğŸ‡°
48,Djibouti,DJ,ğŸ‡©ğŸ‡¯
49,Dominica,DM,ğŸ‡©ğŸ‡²
50,Dominican Republic,DO,ğŸ‡©ğŸ‡´
51,Ecuador,EC,ğŸ‡ªğŸ‡¨
52,Egypt,EG,ğŸ‡ªğŸ‡¬
53,El Salvador,SV,ğŸ‡¸ğŸ‡»
54,Equatorial Guinea,GQ,ğŸ‡¬ğŸ‡¶
55,Eritrea,ER,ğŸ‡ªğŸ‡·
56,Estonia,EE,ğŸ‡ªğŸ‡ª
57,Eswatini,SZ,ğŸ‡¸ğŸ‡¿
58,Ethiopia,ET,ğŸ‡ªğŸ‡¹
59,Fiji,FJ,ğŸ‡«ğŸ‡¯
60,Finland,FI,ğŸ‡«ğŸ‡®
61,France,FR,ğŸ‡«ğŸ‡·
62,Gabon,GA,ğŸ‡¬ğŸ‡¦
63,Gambia,GM,ğŸ‡¬ğŸ‡²
64,Georgia,GE,ğŸ‡¬ğŸ‡ª
65,Germany,DE,ğŸ‡©ğŸ‡ª
66,Ghana,GH,ğŸ‡¬ğŸ‡­
67,Greece,GR,ğŸ‡¬ğŸ‡·
68,Grenada,GD,ğŸ‡¬ğŸ‡©
69,Guatemala,GT,ğŸ‡¬ğŸ‡¹
70,Guinea,GN,ğŸ‡¬ğŸ‡³
71,Guinea-Bissau,GW,ğŸ‡¬ğŸ‡¼
72,Guyana,GY,ğŸ‡¬ğŸ‡¾
73,Haiti,HT,ğŸ‡­ğŸ‡¹
74,Honduras,HN,ğŸ‡­ğŸ‡³
75,Hungary,HU,ğŸ‡­ğŸ‡º
76,Iceland,IS,ğŸ‡®ğŸ‡¸
77,India,IN,ğŸ‡®ğŸ‡³
78,Indonesia,ID,ğŸ‡®ğŸ‡©
79,Iran,IR,ğŸ‡®ğŸ‡·
80,Iraq,IQ,ğŸ‡®ğŸ‡¶
81,Ireland,IE,ğŸ‡®ğŸ‡ª
82,Israel,IL,ğŸ‡®ğŸ‡±
83,Italy,IT,ğŸ‡®ğŸ‡¹
84,Jamaica,JM,ğŸ‡¯ğŸ‡²
85,Japan,JP,ğŸ‡¯ğŸ‡µ
86,Jordan,JO,ğŸ‡¯ğŸ‡´
87,Kazakhstan,KZ,ğŸ‡°ğŸ‡¿
88,Kenya,KE,ğŸ‡°ğŸ‡ª
89,Kiribati,KI,ğŸ‡°ğŸ‡®
90,Kuwait,KW,ğŸ‡°ğŸ‡¼
91,Kyrgyzstan,KG,ğŸ‡°ğŸ‡¬
92,Laos,LA,ğŸ‡±ğŸ‡¦
93,Latvia,LV,ğŸ‡±ğŸ‡»
94,Lebanon,LB,ğŸ‡±ğŸ‡§
95,Lesotho,LS,ğŸ‡±ğŸ‡¸
96,Liberia,LR,ğŸ‡±ğŸ‡·
97,Libya,LY,ğŸ‡±ğŸ‡¾
98,Liechtenstein,LI,ğŸ‡±ğŸ‡®
99,Lithuania,LT,ğŸ‡±ğŸ‡¹
100,Luxembourg,LU,ğŸ‡±ğŸ‡º
101,Madagascar,MG,ğŸ‡²ğŸ‡¬
102,Malawi,MW,ğŸ‡²ğŸ‡¼
103,Malaysia,MY,ğŸ‡²ğŸ‡¾
104,Maldives,MV,ğŸ‡²ğŸ‡»
105,Mali,ML,ğŸ‡²ğŸ‡±
106,Malta,MT,ğŸ‡²ğŸ‡¹
107,Marshall Islands,MH,ğŸ‡²ğŸ‡­
108,Mauritania,MR,ğŸ‡²ğŸ‡·
109,Mauritius,MU,ğŸ‡²ğŸ‡º
110,Mexico,MX,ğŸ‡²ğŸ‡½
111,Micronesia,FM,ğŸ‡«ğŸ‡²
112,Moldova,MD,ğŸ‡²ğŸ‡©
113,Monaco,MC,ğŸ‡²ğŸ‡¨
114,Mongolia,MN,ğŸ‡²ğŸ‡³
115,Montenegro,ME,ğŸ‡²ğŸ‡ª
116,Morocco,MA,ğŸ‡²ğŸ‡¦
117,Mozambique,MZ,ğŸ‡²ğŸ‡¿
118,Myanmar,MM,ğŸ‡²ğŸ‡²
119,Namibia,NA,ğŸ‡³ğŸ‡¦
120,Nauru,NR,ğŸ‡³ğŸ‡·
121,Nepal,NP,ğŸ‡³ğŸ‡µ
122,Netherlands,NL,ğŸ‡³ğŸ‡±
123,New Zealand,NZ,ğŸ‡³ğŸ‡¿
124,Nicaragua,NI,ğŸ‡³ğŸ‡®
125,Niger,NE,ğŸ‡³ğŸ‡ª
126,Nigeria,NG,ğŸ‡³ğŸ‡¬
127,North Korea,KP,ğŸ‡°ğŸ‡µ
128,North Macedonia,MK,ğŸ‡²ğŸ‡°
129,Norway,NO,ğŸ‡³ğŸ‡´
130,Oman,OM,ğŸ‡´ğŸ‡²
131,Pakistan,PK,ğŸ‡µğŸ‡°
132,Palau,PW,ğŸ‡µğŸ‡¼
133,Palestine,PS,ğŸ‡µğŸ‡¸
134,Panama,PA,ğŸ‡µğŸ‡¦
135,Papua New Guinea,PG,ğŸ‡µğŸ‡¬
136,Paraguay,PY,ğŸ‡µğŸ‡¾
137,Peru,PE,ğŸ‡µğŸ‡ª
138,Philippines,PH,ğŸ‡µğŸ‡­
139,Poland,PL,ğŸ‡µğŸ‡±
140,Portugal,PT,ğŸ‡µğŸ‡¹
141,Qatar,QA,ğŸ‡¶ğŸ‡¦
142,Romania,RO,ğŸ‡·ğŸ‡´
143,Russia,RU,ğŸ‡·ğŸ‡º
144,Rwanda,RW,ğŸ‡·ğŸ‡¼
145,Saint Kitts and Nevis,KN,ğŸ‡°ğŸ‡³
146,Saint Lucia,LC,ğŸ‡±ğŸ‡¨
147,Saint Vincent and the Grenadines,VC,ğŸ‡»ğŸ‡¨
148,Samoa,WS,ğŸ‡¼ğŸ‡¸
149,San Marino,SM,ğŸ‡¸ğŸ‡²
150,Sao Tome and Principe,ST,ğŸ‡¸ğŸ‡¹
151,Saudi Arabia,SA,ğŸ‡¸ğŸ‡¦
152,Senegal,SN,ğŸ‡¸ğŸ‡³
153,Serbia,RS,ğŸ‡·ğŸ‡¸
154,Seychelles,SC,ğŸ‡¸ğŸ‡¨
155,Sierra Leone,SL,ğŸ‡¸ğŸ‡±
156,Singapore,SG,ğŸ‡¸ğŸ‡¬
157,Slovakia,SK,ğŸ‡¸ğŸ‡°
158,Slovenia,SI,ğŸ‡¸ğŸ‡®
159,Solomon Islands,SB,ğŸ‡¸ğŸ‡§
160,Somalia,SO,ğŸ‡¸ğŸ‡´
161,South Africa,ZA,ğŸ‡¿ğŸ‡¦
162,South Korea,KR,ğŸ‡°ğŸ‡·
163,South Sudan,SS,ğŸ‡¸ğŸ‡¸
164,Spain,ES,ğŸ‡ªğŸ‡¸
165,Sri Lanka,LK,ğŸ‡±ğŸ‡°
166,Sudan,SD,ğŸ‡¸ğŸ‡©
167,Suriname,SR,ğŸ‡¸ğŸ‡·
168,Sweden,SE,ğŸ‡¸ğŸ‡ª
169,Switzerland,CH,ğŸ‡¨ğŸ‡­
170,Syria,SY,ğŸ‡¸ğŸ‡¾
171,Taiwan,TW,ğŸ‡¹ğŸ‡¼
172,Tajikistan,TJ,ğŸ‡¹ğŸ‡¯
173,Tanzania,TZ,ğŸ‡¹ğŸ‡¿
174,Thailand,TH,ğŸ‡¹ğŸ‡­
175,Timor-Leste,TL,ğŸ‡¹ğŸ‡±
176,Togo,TG,ğŸ‡¹ğŸ‡¬
177,Tonga,TO,ğŸ‡¹ğŸ‡´
178,Trinidad and Tobago,TT,ğŸ‡¹ğŸ‡¹
179,Tunisia,TN,ğŸ‡¹ğŸ‡³
180,Turkey,TR,ğŸ‡¹ğŸ‡·
181,Turkmenistan,TM,ğŸ‡¹ğŸ‡²
182,Tuvalu,TV,ğŸ‡¹ğŸ‡»
183,Uganda,UG,ğŸ‡ºğŸ‡¬
184,Ukraine,UA,ğŸ‡ºğŸ‡¦
185,United Arab Emirates,AE,ğŸ‡¦ğŸ‡ª
186,United Kingdom,GB,ğŸ‡¬ğŸ‡§
187,United States,US,ğŸ‡ºğŸ‡¸
188,Uruguay,UY,ğŸ‡ºğŸ‡¾
189,Uzbekistan,UZ,ğŸ‡ºğŸ‡¿
190,Vanuatu,VU,ğŸ‡»ğŸ‡º
191,Vatican City,VA,ğŸ‡»ğŸ‡¦
192,Venezuela,VE,ğŸ‡»ğŸ‡ª
193,Vietnam,VN,ğŸ‡»ğŸ‡³
194,Yemen,YE,ğŸ‡¾ğŸ‡ª
195,Zambia,ZM,ğŸ‡¿ğŸ‡²
196,Zimbabwe,ZW,ğŸ‡¿ğŸ‡¼